Panel,Assay,Uniprot ID,OlinkID,LOD
Olink CARDIOMETABOLIC(v.3602),PRCP,P42785,OID01272,-0.20258000000000001
Olink CARDIOMETABOLIC(v.3602),CA1,P00915,OID01223,0.95304
Olink CARDIOMETABOLIC(v.3602),ICAM1,P05362,OID01230,1.3025500000000001
Olink CARDIOMETABOLIC(v.3602),CHL1,O00533,OID01216,1.49156
Olink CARDIOMETABOLIC(v.3602),TGFBI,Q15582,OID01291,3.1340499999999998
Olink CARDIOMETABOLIC(v.3602),ENG,P17813,OID01254,1.0606599999999999
Olink CARDIOMETABOLIC(v.3602),PLTP,P55058,OID01275,1.6170100000000001
Olink CARDIOMETABOLIC(v.3602),SERPINA7,P05543,OID01232,1.2802
Olink CARDIOMETABOLIC(v.3602),IGFBP3,P17936,OID01255,0.12852
Olink CARDIOMETABOLIC(v.3602),CR2,P20023,OID01258,1.61175
Olink CARDIOMETABOLIC(v.3602),SERPINA5,P05154,OID01229,1.5357000000000001
Olink CARDIOMETABOLIC(v.3602),FCGR3B,O75015,OID01219,0.48536000000000001
Olink CARDIOMETABOLIC(v.3602),IGFBP6,P24592,OID01264,1.5535000000000001
Olink CARDIOMETABOLIC(v.3602),CDH1,P12830,OID01245,1.04948
Olink CARDIOMETABOLIC(v.3602),CCL5,P13501,OID01246,2.33779
Olink CARDIOMETABOLIC(v.3602),CCL14,Q16627,OID01292,1.55497
Olink CARDIOMETABOLIC(v.3602),GNLY,P22749,OID01262,0.7651
Olink CARDIOMETABOLIC(v.3602),NOTCH1,P46531,OID01273,1.39103
Olink CARDIOMETABOLIC(v.3602),PAM,P19021,OID01256,0.51980000000000004
Olink CARDIOMETABOLIC(v.3602),PROC,P04070,OID01228,0.41442000000000001
Olink CARDIOMETABOLIC(v.3602),CST3,P01034,OID01225,1.2549600000000001
Olink CARDIOMETABOLIC(v.3602),NCAM1,P13591,OID01247,1.32843
Olink CARDIOMETABOLIC(v.3602),PCOLCE,Q15113,OID01289,1.08595
Olink CARDIOMETABOLIC(v.3602),LILRB1,Q8NHL6,OID01297,0.37628
Olink CARDIOMETABOLIC(v.3602),MET,P08581,OID01238,1.2625599999999999
Olink CARDIOMETABOLIC(v.3602),LTBP2,Q14767,OID01288,2.36449
Olink CARDIOMETABOLIC(v.3602),IL7R,P16871,OID01253,1.4920100000000001
Olink CARDIOMETABOLIC(v.3602),VCAM1,P19320,OID01257,1.04511
Olink CARDIOMETABOLIC(v.3602),SELL,P14151,OID01249,1.61056
Olink CARDIOMETABOLIC(v.3602),F11,P03951,OID01227,1.1298699999999999
Olink CARDIOMETABOLIC(v.3602),COMP,P49747,OID01274,1.50474
Olink CARDIOMETABOLIC(v.3602),CA4,P22748,OID01261,1.1396200000000001
Olink CARDIOMETABOLIC(v.3602),PTPRS,Q13332,OID01284,6.6809999999999994E-2
Olink CARDIOMETABOLIC(v.3602),MBL2,P11226,OID01243,3.0427300000000002
Olink CARDIOMETABOLIC(v.3602),TIMP1,P01033,OID01224,0.88375000000000004
Olink CARDIOMETABOLIC(v.3602),ANGPTL3,Q9Y5C1,OID01306,0.87399000000000004
Olink CARDIOMETABOLIC(v.3602),REG3A,Q06141,OID01280,1.10222
Olink CARDIOMETABOLIC(v.3602),SOD1,P00441,OID01222,0.52603
Olink CARDIOMETABOLIC(v.3602),CD46,P15529,OID01251,0.94901999999999997
Olink CARDIOMETABOLIC(v.3602),ITGAM,P11215,OID01242,1.50779
Olink CARDIOMETABOLIC(v.3602),TNC,P24821,OID01265,0.89603999999999995
Olink CARDIOMETABOLIC(v.3602),NID1,P14543,OID01250,0.90003999999999995
Olink CARDIOMETABOLIC(v.3602),CFHR5,Q9BXR6,OID01302,2.1066400000000001
Olink CARDIOMETABOLIC(v.3602),SPARCL1,Q14515,OID01287,0.81425000000000003
Olink CARDIOMETABOLIC(v.3602),PLXNB2,O15031,OID01218,0.83804999999999996
Olink CARDIOMETABOLIC(v.3602),MEGF9,Q9H1U4,OID01303,1.55247
Olink CARDIOMETABOLIC(v.3602),ANG,P03950,OID01226,1.6797500000000001
Olink CARDIOMETABOLIC(v.3602),ST6GAL1,P15907,OID01252,1.1424099999999999
Olink CARDIOMETABOLIC(v.3602),DPP4,P27487,OID01266,-2.32281
Olink CARDIOMETABOLIC(v.3602),REG1A,P05451,OID01231,2.2857500000000002
Olink CARDIOMETABOLIC(v.3602),QPCT,Q16769,OID01293,-1.73777
Olink CARDIOMETABOLIC(v.3602),FCN2,Q15485,OID01290,1.1049599999999999
Olink CARDIOMETABOLIC(v.3602),FETUB,Q9UGM5,OID01305,0.51971999999999996
Olink CARDIOMETABOLIC(v.3602),CES1,P23141,OID01263,2.19889
Olink CARDIOMETABOLIC(v.3602),CRTAC1,Q9NQ79,OID01304,1.2048700000000001
Olink CARDIOMETABOLIC(v.3602),TCN2,P20062,OID01259,1.2053499999999999
Olink CARDIOMETABOLIC(v.3602),PRSS2,P07478,OID01236,0.69593000000000005
Olink CARDIOMETABOLIC(v.3602),ICAM3,P32942,OID01267,1.2685900000000001
Olink CARDIOMETABOLIC(v.3602),SAA4,P35542,OID01269,0.67418
Olink CARDIOMETABOLIC(v.3602),CNDP1,Q96KN2,OID01299,0.95072999999999996
Olink CARDIOMETABOLIC(v.3602),FCGR2A,P12318,OID01244,3.8300000000000001E-2
Olink CARDIOMETABOLIC(v.3602),NRP1,O14786,OID01217,1.7069999999999998E-2
Olink CARDIOMETABOLIC(v.3602),EFEMP1,Q12805,OID01281,1.2276800000000001
Olink CARDIOMETABOLIC(v.3602),TIMD4,Q96H15,OID01298,1.03363
Olink CARDIOMETABOLIC(v.3602),FAP,Q12884,OID01282,0.77654999999999996
Olink CARDIOMETABOLIC(v.3602),TIE1,P35590,OID01270,0.39188000000000001
Olink CARDIOMETABOLIC(v.3602),THBS4,P35443,OID01268,1.0566199999999999
Olink CARDIOMETABOLIC(v.3602),F7,P08709,OID01239,1.7441500000000001
Olink CARDIOMETABOLIC(v.3602),GP1BA,P07359,OID01234,1.05423
Olink CARDIOMETABOLIC(v.3602),LYVE1,Q9Y5Y7,OID01307,1.0789599999999999
Olink CARDIOMETABOLIC(v.3602),CA3,P07451,OID01235,0.62211000000000005
Olink CARDIOMETABOLIC(v.3602),TGFBR3,Q03167,OID01279,2.0975799999999998
Olink CARDIOMETABOLIC(v.3602),DEFA1,P59665,OID01277,1.3388800000000001
Olink CARDIOMETABOLIC(v.3602),CD59,P13987,OID01248,-0.85402
Olink CARDIOMETABOLIC(v.3602),APOM,O95445,OID01221,1.86361
Olink CARDIOMETABOLIC(v.3602),OSMR,Q99650,OID01300,0.42451
Olink CARDIOMETABOLIC(v.3602),LILRB2,Q8N423,OID01296,0.94455
Olink CARDIOMETABOLIC(v.3602),UMOD,P07911,OID01237,1.2702599999999999
Olink CARDIOMETABOLIC(v.3602),CCL18,P55774,OID01276,1.2829900000000001
Olink CARDIOMETABOLIC(v.3602),COL18A1,P39060,OID01271,0.6956
Olink CARDIOMETABOLIC(v.3602),LCN2,P80188,OID01278,0.81057999999999997
Olink CARDIOMETABOLIC(v.3602),KIT,P10721,OID01241,1.9707600000000001
Olink CARDIOMETABOLIC(v.3602),C1QTNF1,Q9BXJ1,OID01301,1.3636999999999999
Olink CARDIOMETABOLIC(v.3602),AOC3,Q16853,OID01294,1.6663600000000001
Olink CARDIOMETABOLIC(v.3602),GAS6,Q14393,OID01286,0.89915999999999996
Olink CARDIOMETABOLIC(v.3602),IGLC2,P0DOY2,OID01240,0.68413000000000002
Olink CARDIOMETABOLIC(v.3602),PLA2G7,Q13093,OID01283,1.11592
Olink CARDIOMETABOLIC(v.3602),TNXB,P22105,OID01260,0.99622999999999995
Olink CARDIOMETABOLIC(v.3602),MFAP5,Q13361,OID01285,1.1575
Olink CARDIOMETABOLIC(v.3602),VASN,Q6EMK4,OID01295,0.67573000000000005
Olink CARDIOMETABOLIC(v.3602),LILRB5,O75023,OID01220,1.0126500000000001
Olink CARDIOMETABOLIC(v.3602),C2,P06681,OID01233,1.0943700000000001
Olink CARDIOVASCULAR III(v.6112),TNFRSF14,Q92956,OID00563,1.64032
Olink CARDIOVASCULAR III(v.6112),LDL receptor,P01130,OID00564,0.69593000000000005
Olink CARDIOVASCULAR III(v.6112),ITGB2,P05107,OID00565,0.91288000000000002
Olink CARDIOVASCULAR III(v.6112),IL-17RA,Q96F46,OID00566,1.68801
Olink CARDIOVASCULAR III(v.6112),TNF-R2,P20333,OID00567,1.78335
Olink CARDIOVASCULAR III(v.6112),MMP-9,P14780,OID00568,1.4735100000000001
Olink CARDIOVASCULAR III(v.6112),EPHB4,P54760,OID00569,1.73698
Olink CARDIOVASCULAR III(v.6112),IL2-RA,P01589,OID00570,1.3581399999999999
Olink CARDIOVASCULAR III(v.6112),OPG,O00300,OID00571,1.22367
Olink CARDIOVASCULAR III(v.6112),ALCAM,Q13740,OID00572,1.3691199999999999
Olink CARDIOVASCULAR III(v.6112),TFF3,Q07654,OID00573,0.90076000000000001
Olink CARDIOVASCULAR III(v.6112),SELP,P16109,OID00574,1.51376
Olink CARDIOVASCULAR III(v.6112),CSTB,P04080,OID00575,0.21642
Olink CARDIOVASCULAR III(v.6112),MCP-1,P13500,OID00576,1.0666
Olink CARDIOVASCULAR III(v.6112),CD163,Q86VB7,OID00577,1.45787
Olink CARDIOVASCULAR III(v.6112),Gal-3,P17931,OID00578,-0.22169
Olink CARDIOVASCULAR III(v.6112),GRN,P28799,OID00579,0.96541999999999994
Olink CARDIOVASCULAR III(v.6112),NT-proBNP,NA,OID00131,2.3644599999999998
Olink CARDIOVASCULAR III(v.6112),BLM hydrolase,Q13867,OID00581,-1.0767
Olink CARDIOVASCULAR III(v.6112),PLC,P98160,OID00582,1.3716999999999999
Olink CARDIOVASCULAR III(v.6112),LTBR,P36941,OID00583,1.17161
Olink CARDIOVASCULAR III(v.6112),Notch 3,Q9UM47,OID00584,1.4699199999999999
Olink CARDIOVASCULAR III(v.6112),TIMP4,Q99727,OID00585,1.0624499999999999
Olink CARDIOVASCULAR III(v.6112),CNTN1,Q12860,OID00586,0.76637999999999995
Olink CARDIOVASCULAR III(v.6112),CDH5,P33151,OID00587,1.5809800000000001
Olink CARDIOVASCULAR III(v.6112),TLT-2,Q5T2D2,OID00588,1.67086
Olink CARDIOVASCULAR III(v.6112),FABP4,P15090,OID00589,2.0168699999999999
Olink CARDIOVASCULAR III(v.6112),TFPI,P10646,OID00590,1.04097
Olink CARDIOVASCULAR III(v.6112),PAI,P05121,OID00591,0.55330000000000001
Olink CARDIOVASCULAR III(v.6112),CCL24,O00175,OID00592,0.81335999999999997
Olink CARDIOVASCULAR III(v.6112),TR,P02786,OID00593,1.39249
Olink CARDIOVASCULAR III(v.6112),TNFRSF10C,O14798,OID00594,2.3825500000000002
Olink CARDIOVASCULAR III(v.6112),GDF-15,Q99988,OID00595,0.66510999999999998
Olink CARDIOVASCULAR III(v.6112),SELE,P16581,OID00596,3.0980300000000001
Olink CARDIOVASCULAR III(v.6112),AZU1,P20160,OID00597,0.55125000000000002
Olink CARDIOVASCULAR III(v.6112),DLK-1,P80370,OID00598,1.24637
Olink CARDIOVASCULAR III(v.6112),SPON1,Q9HCB6,OID00599,1.4233499999999999
Olink CARDIOVASCULAR III(v.6112),MPO,P05164,OID00600,0.92725999999999997
Olink CARDIOVASCULAR III(v.6112),CXCL16,Q9H2A7,OID00601,1.3749100000000001
Olink CARDIOVASCULAR III(v.6112),IL-6RA,P08887,OID00602,2.0625
Olink CARDIOVASCULAR III(v.6112),RETN,Q9HD89,OID00603,0.60150999999999999
Olink CARDIOVASCULAR III(v.6112),IGFBP-1,P08833,OID00604,1.56593
Olink CARDIOVASCULAR III(v.6112),CHIT1,Q13231,OID00605,1.55999
Olink CARDIOVASCULAR III(v.6112),TR-AP,P13686,OID00606,-0.16927
Olink CARDIOVASCULAR III(v.6112),GP6,Q9HCN6,OID05026,1.0396399999999999
Olink CARDIOVASCULAR III(v.6112),PSP-D,P35247,OID00608,1.1972400000000001
Olink CARDIOVASCULAR III(v.6112),PI3,P19957,OID00609,0.48037000000000002
Olink CARDIOVASCULAR III(v.6112),Ep-CAM,P16422,OID00610,2.23881
Olink CARDIOVASCULAR III(v.6112),AP-N,P15144,OID00611,0.99195999999999995
Olink CARDIOVASCULAR III(v.6112),AXL,P30530,OID00612,2.28349
Olink CARDIOVASCULAR III(v.6112),IL-1RT1,P14778,OID00613,2.3204199999999999
Olink CARDIOVASCULAR III(v.6112),MMP-2,P08253,OID00614,0.66708000000000001
Olink CARDIOVASCULAR III(v.6112),FAS,P25445,OID00615,0.62616000000000005
Olink CARDIOVASCULAR III(v.6112),MB,P02144,OID00616,2.5678700000000001
Olink CARDIOVASCULAR III(v.6112),TNFSF13B,Q9Y275,OID00617,1.56379
Olink CARDIOVASCULAR III(v.6112),PRTN3,P24158,OID00618,-0.27694000000000002
Olink CARDIOVASCULAR III(v.6112),PCSK9,Q8NBP7,OID00619,1.1785300000000001
Olink CARDIOVASCULAR III(v.6112),U-PAR,Q03405,OID00620,1.3067899999999999
Olink CARDIOVASCULAR III(v.6112),OPN,P10451,OID00621,1.5225200000000001
Olink CARDIOVASCULAR III(v.6112),CTSD,P07339,OID00622,0.23422000000000001
Olink CARDIOVASCULAR III(v.6112),PGLYRP1,O75594,OID00623,0.61917999999999995
Olink CARDIOVASCULAR III(v.6112),CPA1,P15085,OID00624,1.0734600000000001
Olink CARDIOVASCULAR III(v.6112),JAM-A,Q9Y624,OID00625,0.32588
Olink CARDIOVASCULAR III(v.6112),Gal-4,P56470,OID00626,1.3617900000000001
Olink CARDIOVASCULAR III(v.6112),IL-1RT2,P27930,OID00627,0.99965999999999999
Olink CARDIOVASCULAR III(v.6112),SHPS-1,P78324,OID00628,1.42611
Olink CARDIOVASCULAR III(v.6112),CCL15,Q16663,OID00629,1.23007
Olink CARDIOVASCULAR III(v.6112),CASP-3,P42574,OID00630,1.1996899999999999
Olink CARDIOVASCULAR III(v.6112),uPA,P00749,OID00631,0.26034000000000002
Olink CARDIOVASCULAR III(v.6112),CPB1,P15086,OID00632,1.06484
Olink CARDIOVASCULAR III(v.6112),CHI3L1,P36222,OID00633,-1.3798900000000001
Olink CARDIOVASCULAR III(v.6112),ST2,Q01638,OID00634,1.6592
Olink CARDIOVASCULAR III(v.6112),t-PA,P00750,OID00635,1.6541600000000001
Olink CARDIOVASCULAR III(v.6112),SCGB3A2,Q96PL1,OID00636,0.94503999999999999
Olink CARDIOVASCULAR III(v.6112),EGFR,P00533,OID00637,0.84711000000000003
Olink CARDIOVASCULAR III(v.6112),IGFBP-7,Q16270,OID00638,1.5522899999999999
Olink CARDIOVASCULAR III(v.6112),CD93,Q9NPY3,OID00639,1.5682700000000001
Olink CARDIOVASCULAR III(v.6112),IL-18BP,O95998,OID00640,1.6575200000000001
Olink CARDIOVASCULAR III(v.6112),COL1A1,P02452,OID00641,0.32866000000000001
Olink CARDIOVASCULAR III(v.6112),PON3,Q15166,OID00642,1.24665
Olink CARDIOVASCULAR III(v.6112),CTSZ,Q9UBR2,OID00643,1.02681
Olink CARDIOVASCULAR III(v.6112),MMP-3,P08254,OID00644,1.95919
Olink CARDIOVASCULAR III(v.6112),RARRES2,Q99969,OID00645,1.3976599999999999
Olink CARDIOVASCULAR III(v.6112),ICAM-2,P13598,OID00646,1.72115
Olink CARDIOVASCULAR III(v.6112),KLK6,Q92876,OID00647,0.74822
Olink CARDIOVASCULAR III(v.6112),PDGF subunit A,P04085,OID00648,1.79738
Olink CARDIOVASCULAR III(v.6112),TNF-R1,P19438,OID00649,1.75928
Olink CARDIOVASCULAR III(v.6112),IGFBP-2,P18065,OID00650,0.72070999999999996
Olink CARDIOVASCULAR III(v.6112),vWF,P04275,OID00651,1.2810900000000001
Olink CARDIOVASCULAR III(v.6112),PECAM-1,P16284,OID00652,0.94994999999999996
Olink CARDIOVASCULAR III(v.6112),MEPE,Q9NQ76,OID00132,1.4808600000000001
Olink CARDIOVASCULAR III(v.6112),CCL16,O15467,OID00654,0.68259000000000003
Olink IMMUNO-ONCOLOGY(v.3101),IL8,P10145,OID00752,1.91076
Olink IMMUNO-ONCOLOGY(v.3101),TNFRSF9,Q07011,OID00753,1.1949799999999999
Olink IMMUNO-ONCOLOGY(v.3101),TIE2,Q02763,OID00754,1.77888
Olink IMMUNO-ONCOLOGY(v.3101),MCP-3,P80098,OID00755,1.33883
Olink IMMUNO-ONCOLOGY(v.3101),CD40-L,P29965,OID00756,1.41022
Olink IMMUNO-ONCOLOGY(v.3101),IL-1 alpha,P01583,OID00757,1.1632800000000001
Olink IMMUNO-ONCOLOGY(v.3101),CD244,Q9BZW8,OID00758,1.2756000000000001
Olink IMMUNO-ONCOLOGY(v.3101),EGF,P01133,OID00759,1.29884
Olink IMMUNO-ONCOLOGY(v.3101),ANG-1,Q15389,OID00760,0.96055999999999997
Olink IMMUNO-ONCOLOGY(v.3101),IL7,P13232,OID00761,1.80419
Olink IMMUNO-ONCOLOGY(v.3101),PGF,P49763,OID00762,1.6767300000000001
Olink IMMUNO-ONCOLOGY(v.3101),IL6,P05231,OID00763,1.97001
Olink IMMUNO-ONCOLOGY(v.3101),ADGRG1,Q9Y653,OID00764,1.27447
Olink IMMUNO-ONCOLOGY(v.3101),MCP-1,P13500,OID00765,0.92525000000000002
Olink IMMUNO-ONCOLOGY(v.3101),CRTAM,O95727,OID00766,1.1492199999999999
Olink IMMUNO-ONCOLOGY(v.3101),CXCL11,O14625,OID00767,1.9699500000000001
Olink IMMUNO-ONCOLOGY(v.3101),MCP-4,Q99616,OID00768,1.21231
Olink IMMUNO-ONCOLOGY(v.3101),TRAIL,P50591,OID00769,0.54935999999999996
Olink IMMUNO-ONCOLOGY(v.3101),FGF2,P09038,OID00770,1.32576
Olink IMMUNO-ONCOLOGY(v.3101),CXCL9,Q07325,OID00771,1.5636099999999999
Olink IMMUNO-ONCOLOGY(v.3101),CD8A,P01732,OID00772,1.55443
Olink IMMUNO-ONCOLOGY(v.3101),CAIX,Q16790,OID00773,0.61448000000000003
Olink IMMUNO-ONCOLOGY(v.3101),IFN-beta,P01574,OID00774,0.99612000000000001
Olink IMMUNO-ONCOLOGY(v.3101),ADA,P00813,OID00775,-0.36559999999999998
Olink IMMUNO-ONCOLOGY(v.3101),CD4,P01730,OID00776,-0.48525000000000001
Olink IMMUNO-ONCOLOGY(v.3101),NOS3,P29474,OID00777,0.94415000000000004
Olink IMMUNO-ONCOLOGY(v.3101),IL2,P60568,OID00778,1.0764100000000001
Olink IMMUNO-ONCOLOGY(v.3101),Gal-9,O00182,OID00779,1.6289899999999999
Olink IMMUNO-ONCOLOGY(v.3101),VEGFR-2,P35968,OID00780,4.7699999999999999E-3
Olink IMMUNO-ONCOLOGY(v.3101),CD40,P25942,OID00781,1.22194
Olink IMMUNO-ONCOLOGY(v.3101),IL18,Q14116,OID00782,1.35172
Olink IMMUNO-ONCOLOGY(v.3101),GZMH,P20718,OID00783,2.2267100000000002
Olink IMMUNO-ONCOLOGY(v.3101),VEGFC,P49767,OID00784,-0.18712000000000001
Olink IMMUNO-ONCOLOGY(v.3101),LAP TGF-beta-1,P01137,OID00785,-2.1680000000000001E-2
Olink IMMUNO-ONCOLOGY(v.3101),CXCL1,P09341,OID00786,1.99054
Olink IMMUNO-ONCOLOGY(v.3101),TNFSF14,O43557,OID00787,1.4574
Olink IMMUNO-ONCOLOGY(v.3101),IL33,O95760,OID00788,1.3945099999999999
Olink IMMUNO-ONCOLOGY(v.3101),TWEAK,O43508,OID00789,0.78900000000000003
Olink IMMUNO-ONCOLOGY(v.3101),PDGF subunit B,P01127,OID00790,2.8007399999999998
Olink IMMUNO-ONCOLOGY(v.3101),PDCD1,Q15116,OID00791,2.3273999999999999
Olink IMMUNO-ONCOLOGY(v.3101),FASLG,P48023,OID00792,1.4215599999999999
Olink IMMUNO-ONCOLOGY(v.3101),CD28,P10747,OID00793,1.9298900000000001
Olink IMMUNO-ONCOLOGY(v.3101),CCL19,Q99731,OID00794,1.6998899999999999
Olink IMMUNO-ONCOLOGY(v.3101),MCP-2,P80075,OID00795,1.4084000000000001
Olink IMMUNO-ONCOLOGY(v.3101),CCL4,P13236,OID00796,1.7353000000000001
Olink IMMUNO-ONCOLOGY(v.3101),IL-35,"Q14213,P29459",OID00797,1.3012300000000001
Olink IMMUNO-ONCOLOGY(v.3101),Gal-1,P09382,OID00798,1.57412
Olink IMMUNO-ONCOLOGY(v.3101),PD-L1,Q9NZQ7,OID00799,2.3298299999999998
Olink IMMUNO-ONCOLOGY(v.3101),CD27,P26842,OID00800,1.5482800000000001
Olink IMMUNO-ONCOLOGY(v.3101),CXCL5,P42830,OID00801,1.7653700000000001
Olink IMMUNO-ONCOLOGY(v.3101),IL5,P05113,OID00802,1.8926000000000001
Olink IMMUNO-ONCOLOGY(v.3101),HGF,P14210,OID00803,1.02796
Olink IMMUNO-ONCOLOGY(v.3101),GZMA,P12544,OID00804,0.16757
Olink IMMUNO-ONCOLOGY(v.3101),HO-1,P09601,OID00805,4.1844599999999996
Olink IMMUNO-ONCOLOGY(v.3101),CX3CL1,P78423,OID00806,0.51561999999999997
Olink IMMUNO-ONCOLOGY(v.3101),CXCL10,P02778,OID00807,0.1736
Olink IMMUNO-ONCOLOGY(v.3101),CD70,P32970,OID00808,0.84131
Olink IMMUNO-ONCOLOGY(v.3101),IL10,P22301,OID00809,2.04895
Olink IMMUNO-ONCOLOGY(v.3101),TNFRSF12A,Q9NP84,OID00810,1.7295100000000001
Olink IMMUNO-ONCOLOGY(v.3101),CCL23,P55773,OID00811,1.3854299999999999
Olink IMMUNO-ONCOLOGY(v.3101),CD5,P06127,OID00812,0.25764999999999999
Olink IMMUNO-ONCOLOGY(v.3101),CCL3,P10147,OID00813,0.64829999999999999
Olink IMMUNO-ONCOLOGY(v.3101),MMP7,P09237,OID00814,2.0084
Olink IMMUNO-ONCOLOGY(v.3101),ARG1,P05089,OID00815,5.5929700000000002
Olink IMMUNO-ONCOLOGY(v.3101),NCR1,O76036,OID00816,0.60699000000000003
Olink IMMUNO-ONCOLOGY(v.3101),DCN,P07585,OID00817,1.0319199999999999
Olink IMMUNO-ONCOLOGY(v.3101),TNFRSF21,O75509,OID00818,1.65255
Olink IMMUNO-ONCOLOGY(v.3101),TNFRSF4,P43489,OID00819,2.17055
Olink IMMUNO-ONCOLOGY(v.3101),MIC-A/B,"Q29983,Q29980",OID00820,0.71777000000000002
Olink IMMUNO-ONCOLOGY(v.3101),CCL17,Q92583,OID00821,0.88551000000000002
Olink IMMUNO-ONCOLOGY(v.3101),ANGPT2,O15123,OID00822,0.48899999999999999
Olink IMMUNO-ONCOLOGY(v.3101),PTN,P21246,OID00823,0.59687000000000001
Olink IMMUNO-ONCOLOGY(v.3101),CXCL12,P48061,OID00824,1.90351
Olink IMMUNO-ONCOLOGY(v.3101),IFN-gamma,P01579,OID00825,1.26332
Olink IMMUNO-ONCOLOGY(v.3101),LAMP3,Q9UQV4,OID00826,1.73122
Olink IMMUNO-ONCOLOGY(v.3101),CASP-8,Q14790,OID00827,1.3214300000000001
Olink IMMUNO-ONCOLOGY(v.3101),ICOSLG,O75144,OID00828,1.4816100000000001
Olink IMMUNO-ONCOLOGY(v.3101),MMP12,P39900,OID00829,-7.2620000000000004E-2
Olink IMMUNO-ONCOLOGY(v.3101),CXCL13,O43927,OID00830,1.11026
Olink IMMUNO-ONCOLOGY(v.3101),PD-L2,Q9BQ51,OID00831,0.60775999999999997
Olink IMMUNO-ONCOLOGY(v.3101),VEGFA,P15692,OID00832,1.18327
Olink IMMUNO-ONCOLOGY(v.3101),IL4,P05112,OID00833,0.8508
Olink IMMUNO-ONCOLOGY(v.3101),IL-21,Q9HBE4,OID00834,1.63056
Olink IMMUNO-ONCOLOGY(v.3101),IL12RB1,P42701,OID00835,1.5179
Olink IMMUNO-ONCOLOGY(v.3101),IL13,P35225,OID00836,1.7022600000000001
Olink IMMUNO-ONCOLOGY(v.3101),CCL20,P78556,OID00837,1.4016200000000001
Olink IMMUNO-ONCOLOGY(v.3101),TNF,P01375,OID00838,1.83311
Olink IMMUNO-ONCOLOGY(v.3101),KLRD1,Q13241,OID00839,1.29033
Olink IMMUNO-ONCOLOGY(v.3101),GZMB,P10144,OID00840,0.87894000000000005
Olink IMMUNO-ONCOLOGY(v.3101),CD83,Q01151,OID00841,0.84382999999999997
Olink IMMUNO-ONCOLOGY(v.3101),IL12,"P29459,P29460",OID00842,0.83811000000000002
Olink IMMUNO-ONCOLOGY(v.3101),CSF-1,P09603,OID00843,-0.20130000000000001
Olink INFLAMMATION(v.3021),IL8,P10145,OID00471,0.34705000000000003
Olink INFLAMMATION(v.3021),VEGFA,P15692,OID00472,1.02722
Olink INFLAMMATION(v.3021),CD8A,P01732,OID05124,1.0673900000000001
Olink INFLAMMATION(v.3021),MCP-3,P80098,OID00474,1.7216899999999999
Olink INFLAMMATION(v.3021),GDNF,P39905,OID00475,1.6570100000000001
Olink INFLAMMATION(v.3021),CDCP1,Q9H5V8,OID00476,0.33856000000000003
Olink INFLAMMATION(v.3021),CD244,Q9BZW8,OID00477,1.65802
Olink INFLAMMATION(v.3021),IL7,P13232,OID00478,1.1205799999999999
Olink INFLAMMATION(v.3021),OPG,O00300,OID00479,1.03132
Olink INFLAMMATION(v.3021),LAP TGF-beta-1,P01137,OID00480,1.3994200000000001
Olink INFLAMMATION(v.3021),uPA,P00749,OID00481,0.98907999999999996
Olink INFLAMMATION(v.3021),IL6,P05231,OID00482,1.4071100000000001
Olink INFLAMMATION(v.3021),IL-17C,Q9P0M4,OID00483,1.7465999999999999
Olink INFLAMMATION(v.3021),MCP-1,P13500,OID00484,1.0344
Olink INFLAMMATION(v.3021),IL-17A,Q16552,OID00485,1.4294899999999999
Olink INFLAMMATION(v.3021),CXCL11,O14625,OID00486,1.67913
Olink INFLAMMATION(v.3021),AXIN1,O15169,OID00487,1.01322
Olink INFLAMMATION(v.3021),TRAIL,P50591,OID00488,0.67596999999999996
Olink INFLAMMATION(v.3021),IL-20RA,Q9UHF4,OID00489,1.24841
Olink INFLAMMATION(v.3021),CXCL9,Q07325,OID00490,1.3691899999999999
Olink INFLAMMATION(v.3021),CST5,P28325,OID00491,-0.35633999999999999
Olink INFLAMMATION(v.3021),IL-2RB,P14784,OID00492,1.85886
Olink INFLAMMATION(v.3021),IL-1 alpha,P01583,OID00493,-1.1690000000000001E-2
Olink INFLAMMATION(v.3021),OSM,P13725,OID00494,0.59770999999999996
Olink INFLAMMATION(v.3021),IL2,P60568,OID00495,1.20143
Olink INFLAMMATION(v.3021),CXCL1,P09341,OID00496,1.4828399999999999
Olink INFLAMMATION(v.3021),TSLP,Q969D9,OID00497,1.2802800000000001
Olink INFLAMMATION(v.3021),CCL4,P13236,OID00498,0.76893999999999996
Olink INFLAMMATION(v.3021),CD6,P30203,OID00499,0.82384000000000002
Olink INFLAMMATION(v.3021),SCF,P21583,OID00500,1.19834
Olink INFLAMMATION(v.3021),IL18,Q14116,OID00501,0.83414999999999995
Olink INFLAMMATION(v.3021),SLAMF1,Q13291,OID00502,1.7646299999999999
Olink INFLAMMATION(v.3021),TGF-alpha,P01135,OID00503,0.36779000000000001
Olink INFLAMMATION(v.3021),MCP-4,Q99616,OID00504,1.8435900000000001
Olink INFLAMMATION(v.3021),CCL11,P51671,OID00505,0.95442000000000005
Olink INFLAMMATION(v.3021),TNFSF14,O43557,OID00506,0.96804999999999997
Olink INFLAMMATION(v.3021),FGF-23,Q9GZV9,OID00507,1.3576600000000001
Olink INFLAMMATION(v.3021),IL-10RA,Q13651,OID00508,0.85865000000000002
Olink INFLAMMATION(v.3021),FGF-5,P12034,OID00509,0.98501000000000005
Olink INFLAMMATION(v.3021),MMP-1,P03956,OID00510,2.1088399999999998
Olink INFLAMMATION(v.3021),LIF-R,P42702,OID00511,1.25623
Olink INFLAMMATION(v.3021),FGF-21,Q9NSA1,OID00512,1.4503200000000001
Olink INFLAMMATION(v.3021),CCL19,Q99731,OID00513,1.4397
Olink INFLAMMATION(v.3021),IL-15RA,Q13261,OID00514,0.73714000000000002
Olink INFLAMMATION(v.3021),IL-10RB,Q08334,OID00515,0.86187000000000002
Olink INFLAMMATION(v.3021),IL-22 RA1,Q8N6P7,OID00516,3.0520200000000002
Olink INFLAMMATION(v.3021),IL-18R1,Q13478,OID00517,1.36978
Olink INFLAMMATION(v.3021),PD-L1,Q9NZQ7,OID00518,2.50319
Olink INFLAMMATION(v.3021),Beta-NGF,P01138,OID00519,1.44225
Olink INFLAMMATION(v.3021),CXCL5,P42830,OID00520,1.6478600000000001
Olink INFLAMMATION(v.3021),TRANCE,O14788,OID00521,1.44065
Olink INFLAMMATION(v.3021),HGF,P14210,OID00522,1.37788
Olink INFLAMMATION(v.3021),IL-12B,P29460,OID00523,0.47602
Olink INFLAMMATION(v.3021),IL-24,Q13007,OID00524,1.8166500000000001
Olink INFLAMMATION(v.3021),IL13,P35225,OID00525,1.4701200000000001
Olink INFLAMMATION(v.3021),ARTN,Q5T4W7,OID00526,1.0785800000000001
Olink INFLAMMATION(v.3021),MMP-10,P09238,OID00527,1.34412
Olink INFLAMMATION(v.3021),IL10,P22301,OID00528,1.7997700000000001
Olink INFLAMMATION(v.3021),TNF,P01375,OID05548,0.45112000000000002
Olink INFLAMMATION(v.3021),CCL23,P55773,OID00530,1.4385699999999999
Olink INFLAMMATION(v.3021),CD5,P06127,OID00531,0.33467999999999998
Olink INFLAMMATION(v.3021),CCL3,P10147,OID00532,0.53541000000000005
Olink INFLAMMATION(v.3021),Flt3L,P49771,OID00533,2.02508
Olink INFLAMMATION(v.3021),CXCL6,P80162,OID00534,0.87472000000000005
Olink INFLAMMATION(v.3021),CXCL10,P02778,OID00535,2.1519900000000001
Olink INFLAMMATION(v.3021),4E-BP1,Q13541,OID00536,1.0464199999999999
Olink INFLAMMATION(v.3021),IL-20,Q9NYY1,OID00537,0.84699000000000002
Olink INFLAMMATION(v.3021),SIRT2,Q8IXJ6,OID00538,1.88846
Olink INFLAMMATION(v.3021),CCL28,Q9NRJ3,OID00539,0.90142
Olink INFLAMMATION(v.3021),DNER,Q8NFT8,OID01213,0.95482
Olink INFLAMMATION(v.3021),EN-RAGE,P80511,OID00541,0.52256000000000002
Olink INFLAMMATION(v.3021),CD40,P25942,OID00542,1.6895199999999999
Olink INFLAMMATION(v.3021),IL33,O95760,OID00543,1.5135799999999999
Olink INFLAMMATION(v.3021),IFN-gamma,P01579,OID05547,2.87398
Olink INFLAMMATION(v.3021),FGF-19,O95750,OID00545,1.1542699999999999
Olink INFLAMMATION(v.3021),IL4,P05112,OID00546,1.2410300000000001
Olink INFLAMMATION(v.3021),LIF,P15018,OID00547,0.80073000000000005
Olink INFLAMMATION(v.3021),NRTN,Q99748,OID00548,1.0044200000000001
Olink INFLAMMATION(v.3021),MCP-2,P80075,OID00549,1.90564
Olink INFLAMMATION(v.3021),CASP-8,Q14790,OID00550,1.07633
Olink INFLAMMATION(v.3021),CCL25,O15444,OID00551,0.83045999999999998
Olink INFLAMMATION(v.3021),CX3CL1,P78423,OID00552,1.38374
Olink INFLAMMATION(v.3021),TNFRSF9,Q07011,OID00553,1.81135
Olink INFLAMMATION(v.3021),NT-3,P20783,OID00554,1.1428700000000001
Olink INFLAMMATION(v.3021),TWEAK,O43508,OID00555,1.2161999999999999
Olink INFLAMMATION(v.3021),CCL20,P78556,OID00556,1.79047
Olink INFLAMMATION(v.3021),ST1A1,P50225,OID00557,1.56748
Olink INFLAMMATION(v.3021),STAMBP,O95630,OID00558,1.09511
Olink INFLAMMATION(v.3021),IL5,P05113,OID00559,1.16144
Olink INFLAMMATION(v.3021),ADA,P00813,OID00560,0.69491999999999998
Olink INFLAMMATION(v.3021),TNFB,P01374,OID00561,1.51389
Olink INFLAMMATION(v.3021),CSF-1,P09603,OID00562,1.03607
Olink NEURO EXPLORATORY(v.3901),IFNL1,Q8IU54,OID05127,1.16953
Olink NEURO EXPLORATORY(v.3901),EIF4B,P23588,OID05128,1.2740100000000001
Olink NEURO EXPLORATORY(v.3901),CRADD,P78560,OID05129,2.1874500000000001
Olink NEURO EXPLORATORY(v.3901),TDGF1,P13385,OID05131,1.09948
Olink NEURO EXPLORATORY(v.3901),ECE1,P42892,OID05132,1.1321600000000001
Olink NEURO EXPLORATORY(v.3901),CETN2,P41208,OID05133,1.04094
Olink NEURO EXPLORATORY(v.3901),CDH15,P55291,OID05134,0.38561000000000001
Olink NEURO EXPLORATORY(v.3901),SMOC1,Q9H4F8,OID05135,1.03769
Olink NEURO EXPLORATORY(v.3901),FOLR2,P14207,OID05136,1.4559800000000001
Olink NEURO EXPLORATORY(v.3901),KLB,Q86Z14,OID05137,1.7764800000000001
Olink NEURO EXPLORATORY(v.3901),CDH17,Q12864,OID05138,2.1488399999999999
Olink NEURO EXPLORATORY(v.3901),GPNMB,Q14956,OID05139,1.58338
Olink NEURO EXPLORATORY(v.3901),BST2,Q10589,OID05140,0.53964999999999996
Olink NEURO EXPLORATORY(v.3901),PTPN1,P18031,OID05141,0.83050999999999997
Olink NEURO EXPLORATORY(v.3901),SRP14,P37108,OID05142,1.2385999999999999
Olink NEURO EXPLORATORY(v.3901),ATP6V1F,Q16864,OID05143,1.4421600000000001
Olink NEURO EXPLORATORY(v.3901),RBKS,Q9H477,OID05144,1.7092099999999999
Olink NEURO EXPLORATORY(v.3901),FKBP7,Q9Y680,OID05146,0.65276000000000001
Olink NEURO EXPLORATORY(v.3901),ANXA10,Q9UJ72,OID05147,1.0591200000000001
Olink NEURO EXPLORATORY(v.3901),GSTP1,P09211,OID05148,1.0764100000000001
Olink NEURO EXPLORATORY(v.3901),KIR2DL3,P43628,OID05149,1.6157600000000001
Olink NEURO EXPLORATORY(v.3901),RPS6KB1,P23443,OID05150,0.98787000000000003
Olink NEURO EXPLORATORY(v.3901),EREG,O14944,OID05151,1.0509200000000001
Olink NEURO EXPLORATORY(v.3901),CD302,Q8IX05,OID05152,5.9100000000000003E-3
Olink NEURO EXPLORATORY(v.3901),IMPA1,P29218,OID05153,5.1000000000000004E-3
Olink NEURO EXPLORATORY(v.3901),CRIP2,P52943,OID05154,0.69098000000000004
Olink NEURO EXPLORATORY(v.3901),SCGB1A1,P11684,OID05155,1.3392299999999999
Olink NEURO EXPLORATORY(v.3901),CTF1,Q16619,OID05156,1.3144899999999999
Olink NEURO EXPLORATORY(v.3901),FHIT,P49789,OID05157,-0.57970999999999995
Olink NEURO EXPLORATORY(v.3901),CLSTN1,O94985,OID05158,1.2591300000000001
Olink NEURO EXPLORATORY(v.3901),HSP90B1,P14625,OID05159,0.84047000000000005
Olink NEURO EXPLORATORY(v.3901),LEPR,P48357,OID05160,0.96948999999999996
Olink NEURO EXPLORATORY(v.3901),CD33,P20138,OID05161,-0.58330000000000004
Olink NEURO EXPLORATORY(v.3901),ADAM15,Q13444,OID05162,2.49335
Olink NEURO EXPLORATORY(v.3901),NDRG1,Q92597,OID05163,1.6193
Olink NEURO EXPLORATORY(v.3901),CEACAM3,P40198,OID05164,1.6556299999999999
Olink NEURO EXPLORATORY(v.3901),GBP2,P32456,OID05165,0.78464
Olink NEURO EXPLORATORY(v.3901),FGFR2,P21802,OID05166,1.42831
Olink NEURO EXPLORATORY(v.3901),NXPH1,P58417,OID05167,2.3111199999999998
Olink NEURO EXPLORATORY(v.3901),NAA10,P41227,OID05168,1.5441199999999999
Olink NEURO EXPLORATORY(v.3901),IL15,P40933,OID05169,0.90663000000000005
Olink NEURO EXPLORATORY(v.3901),DSG3,P32926,OID05170,1.6521600000000001
Olink NEURO EXPLORATORY(v.3901),SFRP1,Q8N474,OID05171,0.90178999999999998
Olink NEURO EXPLORATORY(v.3901),IFI30,P13284,OID05174,1.04583
Olink NEURO EXPLORATORY(v.3901),FCAR,P24071,OID05175,1.8392599999999999
Olink NEURO EXPLORATORY(v.3901),PRTFDC1,Q9NRG1,OID05176,0.30520999999999998
Olink NEURO EXPLORATORY(v.3901),PLA2G10,O15496,OID05177,0.46382000000000001
Olink NEURO EXPLORATORY(v.3901),IKZF2,Q9UKS7,OID05178,1.2567600000000001
Olink NEURO EXPLORATORY(v.3901),UBE2F,Q969M7,OID05179,1.6475599999999999
Olink NEURO EXPLORATORY(v.3901),DPEP2,Q9H4A9,OID05180,0.67357999999999996
Olink NEURO EXPLORATORY(v.3901),TBCB,Q99426,OID05181,0.68747999999999998
Olink NEURO EXPLORATORY(v.3901),NPM1,P06748,OID05182,0.55701999999999996
Olink NEURO EXPLORATORY(v.3901),ASGR1,P07306,OID05183,-1.02854
Olink NEURO EXPLORATORY(v.3901),EPHA10,Q5JZY3,OID05184,1.0460100000000001
Olink NEURO EXPLORATORY(v.3901),COL4A3BP,Q9Y5P4,OID05185,5.7410000000000003E-2
Olink NEURO EXPLORATORY(v.3901),PSG1,P11464,OID05186,-0.60816999999999999
Olink NEURO EXPLORATORY(v.3901),PSME1,Q06323,OID05187,0.21487000000000001
Olink NEURO EXPLORATORY(v.3901),KIRREL2,Q6UWL6,OID05188,1.0832999999999999
Olink NEURO EXPLORATORY(v.3901),PAEP,P09466,OID05189,0.43963999999999998
Olink NEURO EXPLORATORY(v.3901),CCL27,Q9Y4X3,OID05190,2.3668999999999998
Olink NEURO EXPLORATORY(v.3901),MAD1L1,Q9Y6D9,OID05191,0.1807
Olink NEURO EXPLORATORY(v.3901),AKT1S1,Q96B36,OID05192,0.48444999999999999
Olink NEURO EXPLORATORY(v.3901),PTS,Q03393,OID05193,1.1734199999999999
Olink NEURO EXPLORATORY(v.3901),IL32,P24001,OID05194,0.60177000000000003
Olink NEURO EXPLORATORY(v.3901),FUT8,Q9BYC5,OID05195,-0.58982000000000001
Olink NEURO EXPLORATORY(v.3901),TPPP3,Q9BW30,OID05196,1.58165
Olink NEURO EXPLORATORY(v.3901),PFDN2,Q9UHV9,OID05197,1.5386299999999999
Olink NEURO EXPLORATORY(v.3901),CARHSP1,Q9Y2V2,OID05198,1.6459699999999999
Olink NEURO EXPLORATORY(v.3901),VSTM1,Q6UX27,OID05199,0.54000999999999999
Olink NEURO EXPLORATORY(v.3901),DEFB4A,O15263,OID05200,0.45818999999999999
Olink NEURO EXPLORATORY(v.3901),ABHD14B,Q96IU4,OID05201,0.15275
Olink NEURO EXPLORATORY(v.3901),AARSD1,Q9BTE6,OID05202,1.24709
Olink NEURO EXPLORATORY(v.3901),PHOSPHO1,Q8TCT1,OID05203,2.0415899999999998
Olink NEURO EXPLORATORY(v.3901),DUSP3,P51452,OID05204,1.2559400000000001
Olink NEURO EXPLORATORY(v.3901),TNFRSF13C,Q96RJ3,OID05205,1.3177700000000001
Olink NEURO EXPLORATORY(v.3901),NEFL,P07196,OID05206,0.64883000000000002
Olink NEURO EXPLORATORY(v.3901),HMOX2,P30519,OID05207,1.4408700000000001
Olink NEURO EXPLORATORY(v.3901),RNF31,Q96EP0,OID05208,1.5405
Olink NEURO EXPLORATORY(v.3901),DPEP1,P16444,OID05209,0.87944999999999995
Olink NEURO EXPLORATORY(v.3901),SNCG,O76070,OID05210,0.62909000000000004
Olink NEURO EXPLORATORY(v.3901),IL3RA,P26951,OID05211,1.05294
Olink NEURO EXPLORATORY(v.3901),AOC1,P19801,OID05212,0.92505000000000004
Olink NEURO EXPLORATORY(v.3901),KIF1BP,Q96EK5,OID05213,1.27895
Olink NEURO EXPLORATORY(v.3901),PPP3R1,P63098,OID05214,1.0782400000000001
Olink NEURO EXPLORATORY(v.3901),ILKAP,Q9H0C8,OID05215,1.7945800000000001
Olink NEURO EXPLORATORY(v.3901),ISLR2,Q6UXK2,OID05216,1.03501
Olink NEURO EXPLORATORY(v.3901),ING1,Q9UK53,OID05217,1.5743799999999999
Olink NEURO EXPLORATORY(v.3901),PMVK,Q15126,OID05218,1.8830100000000001
Olink NEURO EXPLORATORY(v.3901),WWP2,O00308,OID05219,1.10917
Olink NEURO EXPLORATORY(v.3901),FKBP5,Q13451,OID05220,1.34457
Olink NEURO EXPLORATORY(v.3901),GGT5,P36269,OID05221,8.6150000000000004E-2
Olink NEURO EXPLORATORY(v.3901),CD63,P08962,OID05222,-0.40397
Olink CARDIOMETABOLIC,Plate ID,NA,NA,NA
Olink CARDIOVASCULAR III,Plate ID,NA,NA,NA
Olink IMMUNO-ONCOLOGY,Plate ID,NA,NA,NA
Olink INFLAMMATION,Plate ID,NA,NA,NA
Olink NEURO EXPLORATORY,Plate ID,NA,NA,NA
Olink CARDIOMETABOLIC,QC Warning,NA,NA,NA
Olink CARDIOVASCULAR III,QC Warning,NA,NA,NA
Olink IMMUNO-ONCOLOGY,QC Warning,NA,NA,NA
Olink INFLAMMATION,QC Warning,NA,NA,NA
Olink NEURO EXPLORATORY,QC Warning,NA,NA,NA
